[{"enunciado":"¿de qué color son las naranjas?","opciones":["¿El cielo es azul?","¿De qué color es una naranja?","Pistacho","Garbanzo"],"respuestacorrecta":2,"usos":0,"aciertos":0},{"enunciado":"¿de qué tamanio es Berlin?","opciones":["¿El cielo es azul?","¿De qué color es una naranja?","Pistacho","Garbanzo"],"respuestacorrecta":1,"usos":0,"aciertos":0},{"enunciado":"¿de qué especie es Nemo","opciones":["¿El cielo es azul?","¿De qué color es una naranja?","Pistacho","Garbanzo"],"respuestacorrecta":3,"usos":0,"aciertos":0},{"enunciado":"¿Imperio mas grande de la edad media?","opciones":["¿El cielo es azul?","¿De qué color es una naranja?","Pistacho","Garbanzo"],"respuestacorrecta":0,"usos":0,"aciertos":0}]